,mean,sd,hdi_3%,hdi_97%,mcse_mean,mcse_sd,ess_bulk,ess_tail,r_hat,feature
slope_mu[mu_covariates_0],-0.201,0.325,-0.795,0.415,0.009,0.006,1353.0,1856.0,1.0,lh_G_and_S_occipital_inf
slope_mu[mu_covariates_1],2.014,1.325,-0.464,4.54,0.028,0.017,2221.0,3368.0,1.0,lh_G_and_S_occipital_inf
slope_mu[mu_covariates_2],-0.581,0.999,-2.472,1.269,0.033,0.02,907.0,1553.0,1.0,lh_G_and_S_occipital_inf
slope_mu[mu_covariates_3],-0.535,0.738,-1.861,0.88,0.025,0.015,894.0,1594.0,1.0,lh_G_and_S_occipital_inf
slope_mu[mu_covariates_4],-0.577,0.71,-1.956,0.697,0.018,0.012,1525.0,2542.0,1.0,lh_G_and_S_occipital_inf
slope_mu[mu_covariates_5],0.368,1.005,-1.623,2.155,0.022,0.016,2037.0,2823.0,1.0,lh_G_and_S_occipital_inf
slope_mu[mu_covariates_6],0.969,1.418,-1.523,3.863,0.031,0.021,2064.0,3098.0,1.0,lh_G_and_S_occipital_inf
slope_mu[mu_covariates_7],-0.338,1.583,-3.276,2.627,0.028,0.019,3247.0,4125.0,1.0,lh_G_and_S_occipital_inf
mu_intercept_mu,0.439,0.673,-0.841,1.663,0.023,0.015,840.0,1393.0,1.0,lh_G_and_S_occipital_inf
site_sigma_intercept_mu,-1.45,0.503,-2.343,-0.478,0.014,0.007,1311.0,2356.0,1.0,lh_G_and_S_occipital_inf
normalized_site_offset_intercept_mu_zerosum__[0],-0.952,0.628,-2.156,0.211,0.007,0.009,8695.0,4541.0,1.0,lh_G_and_S_occipital_inf
normalized_site_offset_intercept_mu_zerosum__[1],-0.382,0.286,-0.953,0.12,0.004,0.004,6183.0,3285.0,1.0,lh_G_and_S_occipital_inf
normalized_site_offset_intercept_mu_zerosum__[2],-0.028,0.286,-0.543,0.528,0.003,0.004,9134.0,4443.0,1.0,lh_G_and_S_occipital_inf
normalized_site_offset_intercept_mu_zerosum__[3],-0.276,0.353,-0.956,0.356,0.004,0.005,8039.0,3956.0,1.0,lh_G_and_S_occipital_inf
normalized_site_offset_intercept_mu_zerosum__[4],1.057,0.294,0.55,1.636,0.006,0.004,2818.0,4043.0,1.0,lh_G_and_S_occipital_inf
normalized_site_offset_intercept_mu_zerosum__[5],-0.005,0.392,-0.729,0.764,0.004,0.006,8495.0,4493.0,1.0,lh_G_and_S_occipital_inf
normalized_site_offset_intercept_mu_zerosum__[6],0.45,0.154,0.179,0.743,0.003,0.002,2954.0,3781.0,1.0,lh_G_and_S_occipital_inf
normalized_site_offset_intercept_mu_zerosum__[7],0.534,0.274,0.025,1.055,0.004,0.004,5167.0,4360.0,1.0,lh_G_and_S_occipital_inf
normalized_site_offset_intercept_mu_zerosum__[8],-1.235,0.338,-1.91,-0.658,0.007,0.004,2713.0,3701.0,1.0,lh_G_and_S_occipital_inf
normalized_site_offset_intercept_mu_zerosum__[9],1.232,0.334,0.624,1.841,0.006,0.004,2892.0,4087.0,1.0,lh_G_and_S_occipital_inf
normalized_site_offset_intercept_mu_zerosum__[10],0.144,0.163,-0.167,0.447,0.002,0.002,6739.0,4317.0,1.0,lh_G_and_S_occipital_inf
normalized_site_offset_intercept_mu_zerosum__[11],0.041,0.278,-0.463,0.587,0.003,0.005,9467.0,3992.0,1.0,lh_G_and_S_occipital_inf
normalized_site_offset_intercept_mu_zerosum__[12],1.43,0.417,0.694,2.248,0.007,0.005,3395.0,4045.0,1.0,lh_G_and_S_occipital_inf
normalized_site_offset_intercept_mu_zerosum__[13],0.246,0.267,-0.233,0.764,0.003,0.004,6238.0,4256.0,1.0,lh_G_and_S_occipital_inf
normalized_site_offset_intercept_mu_zerosum__[14],0.308,0.188,-0.042,0.668,0.003,0.003,5866.0,4284.0,1.0,lh_G_and_S_occipital_inf
normalized_site_offset_intercept_mu_zerosum__[15],0.734,0.327,0.144,1.368,0.005,0.005,5053.0,3998.0,1.0,lh_G_and_S_occipital_inf
normalized_site_offset_intercept_mu_zerosum__[16],0.368,0.305,-0.193,0.955,0.004,0.005,7006.0,4242.0,1.0,lh_G_and_S_occipital_inf
normalized_site_offset_intercept_mu_zerosum__[17],-0.055,0.138,-0.305,0.212,0.002,0.002,6777.0,3935.0,1.0,lh_G_and_S_occipital_inf
normalized_site_offset_intercept_mu_zerosum__[18],0.259,0.283,-0.275,0.795,0.003,0.005,8050.0,4047.0,1.0,lh_G_and_S_occipital_inf
normalized_site_offset_intercept_mu_zerosum__[19],0.99,0.334,0.388,1.604,0.005,0.005,4207.0,3818.0,1.0,lh_G_and_S_occipital_inf
normalized_site_offset_intercept_mu_zerosum__[20],0.95,0.275,0.442,1.451,0.005,0.004,2933.0,3923.0,1.0,lh_G_and_S_occipital_inf
normalized_site_offset_intercept_mu_zerosum__[21],-0.227,0.18,-0.555,0.125,0.002,0.003,5672.0,4134.0,1.0,lh_G_and_S_occipital_inf
normalized_site_offset_intercept_mu_zerosum__[22],0.101,0.258,-0.378,0.596,0.003,0.004,8843.0,4477.0,1.0,lh_G_and_S_occipital_inf
normalized_site_offset_intercept_mu_zerosum__[23],-0.106,0.289,-0.663,0.437,0.003,0.005,9355.0,3993.0,1.0,lh_G_and_S_occipital_inf
sex_sigma_intercept_mu,2.743,1.027,0.839,4.671,0.012,0.013,7479.0,4377.0,1.0,lh_G_and_S_occipital_inf
normalized_sex_offset_intercept_mu_zerosum__[0],0.009,0.017,-0.021,0.042,0.0,0.0,6117.0,3283.0,1.0,lh_G_and_S_occipital_inf
slope_sigma[sigma_covariates_0],-0.366,0.385,-1.096,0.322,0.008,0.006,2064.0,2745.0,1.0,lh_G_and_S_occipital_inf
slope_sigma[sigma_covariates_1],0.327,1.576,-2.677,3.23,0.024,0.017,4139.0,4687.0,1.0,lh_G_and_S_occipital_inf
slope_sigma[sigma_covariates_2],-1.212,1.333,-3.622,1.336,0.034,0.023,1584.0,2470.0,1.0,lh_G_and_S_occipital_inf
slope_sigma[sigma_covariates_3],-1.596,0.948,-3.371,0.112,0.024,0.014,1642.0,2669.0,1.0,lh_G_and_S_occipital_inf
slope_sigma[sigma_covariates_4],-0.381,0.929,-2.145,1.373,0.02,0.013,2153.0,3088.0,1.0,lh_G_and_S_occipital_inf
slope_sigma[sigma_covariates_5],-0.089,1.305,-2.45,2.384,0.024,0.017,3034.0,3682.0,1.0,lh_G_and_S_occipital_inf
slope_sigma[sigma_covariates_6],0.315,1.681,-2.812,3.347,0.029,0.021,3419.0,3851.0,1.0,lh_G_and_S_occipital_inf
slope_sigma[sigma_covariates_7],-0.51,1.885,-3.984,3.155,0.023,0.022,6971.0,4741.0,1.0,lh_G_and_S_occipital_inf
intercept_sigma,0.051,0.869,-1.549,1.618,0.023,0.015,1438.0,2158.0,1.0,lh_G_and_S_occipital_inf
normalized_site_offset_intercept_mu[Pittsburgh],-1.138,0.623,-2.344,-0.004,0.007,0.009,8268.0,4584.0,1.0,lh_G_and_S_occipital_inf
normalized_site_offset_intercept_mu[Oxford],-0.568,0.289,-1.116,-0.046,0.004,0.004,4915.0,2876.0,1.0,lh_G_and_S_occipital_inf
normalized_site_offset_intercept_mu[Newark],-0.214,0.282,-0.709,0.348,0.003,0.004,8204.0,4410.0,1.0,lh_G_and_S_occipital_inf
normalized_site_offset_intercept_mu[Leiden_2180],-0.462,0.353,-1.138,0.183,0.004,0.005,7345.0,4444.0,1.0,lh_G_and_S_occipital_inf
normalized_site_offset_intercept_mu[SaintLouis],0.871,0.269,0.394,1.397,0.005,0.003,3331.0,4092.0,1.0,lh_G_and_S_occipital_inf
normalized_site_offset_intercept_mu[Munchen],-0.191,0.385,-0.95,0.517,0.004,0.005,8235.0,4693.0,1.0,lh_G_and_S_occipital_inf
normalized_site_offset_intercept_mu[Beijing_Zang],0.264,0.131,0.019,0.504,0.002,0.002,4381.0,4108.0,1.0,lh_G_and_S_occipital_inf
normalized_site_offset_intercept_mu[Cleveland],0.349,0.257,-0.139,0.826,0.003,0.004,6477.0,4633.0,1.0,lh_G_and_S_occipital_inf
normalized_site_offset_intercept_mu[AnnArbor_b],-1.421,0.354,-2.096,-0.792,0.007,0.004,2300.0,3603.0,1.0,lh_G_and_S_occipital_inf
normalized_site_offset_intercept_mu[Berlin_Margulies],1.046,0.308,0.501,1.628,0.005,0.004,3523.0,3667.0,1.0,lh_G_and_S_occipital_inf
normalized_site_offset_intercept_mu[Oulu],-0.042,0.152,-0.349,0.234,0.002,0.002,7354.0,4218.0,1.0,lh_G_and_S_occipital_inf
normalized_site_offset_intercept_mu[Baltimore],-0.145,0.27,-0.628,0.397,0.003,0.005,9322.0,3985.0,1.0,lh_G_and_S_occipital_inf
normalized_site_offset_intercept_mu[ds003568-1.0.4],1.244,0.401,0.525,2.022,0.006,0.005,3956.0,4286.0,1.0,lh_G_and_S_occipital_inf
normalized_site_offset_intercept_mu[Milwaukee_b],0.06,0.255,-0.421,0.541,0.003,0.004,6856.0,4321.0,1.0,lh_G_and_S_occipital_inf
normalized_site_offset_intercept_mu[ICBM],0.122,0.172,-0.21,0.442,0.002,0.002,7666.0,4311.0,1.0,lh_G_and_S_occipital_inf
normalized_site_offset_intercept_mu[PaloAlto],0.548,0.31,-0.023,1.139,0.004,0.004,6306.0,4112.0,1.0,lh_G_and_S_occipital_inf
normalized_site_offset_intercept_mu[Leiden_2200],0.182,0.296,-0.364,0.75,0.003,0.005,8173.0,4123.0,1.0,lh_G_and_S_occipital_inf
normalized_site_offset_intercept_mu[Cambridge_Buckner],-0.241,0.136,-0.509,-0.003,0.002,0.002,5002.0,4198.0,1.0,lh_G_and_S_occipital_inf
normalized_site_offset_intercept_mu[NewYork_a_ADHD],0.073,0.274,-0.425,0.61,0.003,0.005,8491.0,4008.0,1.0,lh_G_and_S_occipital_inf
normalized_site_offset_intercept_mu[Queensland],0.804,0.314,0.227,1.38,0.004,0.005,5143.0,3856.0,1.0,lh_G_and_S_occipital_inf
normalized_site_offset_intercept_mu[ds003653-1.0.0],0.764,0.25,0.321,1.242,0.004,0.003,3705.0,3869.0,1.0,lh_G_and_S_occipital_inf
normalized_site_offset_intercept_mu[NewYork_a],-0.413,0.187,-0.774,-0.077,0.003,0.003,4053.0,3963.0,1.0,lh_G_and_S_occipital_inf
normalized_site_offset_intercept_mu[Atlanta],-0.085,0.25,-0.551,0.402,0.003,0.004,8539.0,4709.0,1.0,lh_G_and_S_occipital_inf
normalized_site_offset_intercept_mu[Bangor],-0.291,0.287,-0.874,0.226,0.003,0.005,8305.0,3685.0,1.0,lh_G_and_S_occipital_inf
normalized_site_offset_intercept_mu[AnnArbor_a],-1.115,0.361,-1.796,-0.457,0.007,0.005,3120.0,3999.0,1.0,lh_G_and_S_occipital_inf
normalized_sex_offset_intercept_mu[M],0.006,0.012,-0.015,0.03,0.0,0.0,6117.0,3283.0,1.0,lh_G_and_S_occipital_inf
normalized_sex_offset_intercept_mu[F],-0.006,0.012,-0.03,0.015,0.0,0.0,6117.0,3283.0,1.0,lh_G_and_S_occipital_inf
site_offset_intercept_mu[0],-0.907,0.507,-1.826,0.056,0.006,0.006,6216.0,4923.0,1.0,lh_G_and_S_occipital_inf
site_offset_intercept_mu[1],-0.438,0.203,-0.807,-0.044,0.002,0.003,8283.0,4269.0,1.0,lh_G_and_S_occipital_inf
site_offset_intercept_mu[2],-0.165,0.212,-0.558,0.23,0.002,0.003,9120.0,4260.0,1.0,lh_G_and_S_occipital_inf
site_offset_intercept_mu[3],-0.359,0.263,-0.851,0.127,0.003,0.003,8140.0,4543.0,1.0,lh_G_and_S_occipital_inf
site_offset_intercept_mu[4],0.676,0.174,0.354,0.998,0.002,0.002,8342.0,4581.0,1.0,lh_G_and_S_occipital_inf
site_offset_intercept_mu[5],-0.149,0.294,-0.67,0.429,0.003,0.004,8217.0,4902.0,1.0,lh_G_and_S_occipital_inf
site_offset_intercept_mu[6],0.204,0.093,0.027,0.376,0.001,0.001,6754.0,5117.0,1.0,lh_G_and_S_occipital_inf
site_offset_intercept_mu[7],0.27,0.191,-0.072,0.645,0.002,0.003,7751.0,4782.0,1.0,lh_G_and_S_occipital_inf
site_offset_intercept_mu[8],-1.101,0.191,-1.484,-0.772,0.002,0.002,6892.0,5102.0,1.0,lh_G_and_S_occipital_inf
site_offset_intercept_mu[9],0.812,0.197,0.473,1.212,0.002,0.003,7673.0,4522.0,1.0,lh_G_and_S_occipital_inf
site_offset_intercept_mu[10],-0.032,0.114,-0.243,0.186,0.001,0.001,7473.0,4414.0,1.0,lh_G_and_S_occipital_inf
site_offset_intercept_mu[11],-0.111,0.203,-0.475,0.285,0.002,0.003,9814.0,4598.0,1.0,lh_G_and_S_occipital_inf
site_offset_intercept_mu[12],0.969,0.278,0.449,1.496,0.003,0.003,7039.0,5263.0,1.0,lh_G_and_S_occipital_inf
site_offset_intercept_mu[13],0.047,0.194,-0.312,0.411,0.002,0.002,7006.0,4625.0,1.0,lh_G_and_S_occipital_inf
site_offset_intercept_mu[14],0.094,0.13,-0.152,0.337,0.001,0.002,8028.0,5202.0,1.0,lh_G_and_S_occipital_inf
site_offset_intercept_mu[15],0.427,0.23,-0.006,0.861,0.002,0.003,9478.0,4725.0,1.0,lh_G_and_S_occipital_inf
site_offset_intercept_mu[16],0.142,0.223,-0.279,0.562,0.002,0.003,8060.0,4372.0,1.0,lh_G_and_S_occipital_inf
site_offset_intercept_mu[17],-0.185,0.094,-0.356,-0.01,0.001,0.001,7563.0,4884.0,1.0,lh_G_and_S_occipital_inf
site_offset_intercept_mu[18],0.058,0.207,-0.336,0.443,0.002,0.003,8398.0,4231.0,1.0,lh_G_and_S_occipital_inf
site_offset_intercept_mu[19],0.626,0.221,0.221,1.031,0.002,0.003,8045.0,4705.0,1.0,lh_G_and_S_occipital_inf
site_offset_intercept_mu[20],0.593,0.164,0.282,0.896,0.002,0.002,8530.0,4642.0,1.0,lh_G_and_S_occipital_inf
site_offset_intercept_mu[21],-0.317,0.125,-0.558,-0.09,0.001,0.001,8109.0,5039.0,1.0,lh_G_and_S_occipital_inf
site_offset_intercept_mu[22],-0.065,0.191,-0.433,0.293,0.002,0.003,8531.0,3958.0,1.0,lh_G_and_S_occipital_inf
site_offset_intercept_mu[23],-0.226,0.214,-0.638,0.174,0.002,0.003,8927.0,4565.0,1.0,lh_G_and_S_occipital_inf
site_offset_intercept_mu[24],-0.865,0.235,-1.307,-0.431,0.003,0.003,6760.0,4872.0,1.0,lh_G_and_S_occipital_inf
sex_offset_intercept_mu[0],0.019,0.033,-0.046,0.079,0.0,0.0,7497.0,4017.0,1.0,lh_G_and_S_occipital_inf
sex_offset_intercept_mu[1],-0.019,0.033,-0.079,0.046,0.0,0.0,7497.0,4017.0,1.0,lh_G_and_S_occipital_inf
slope_mu[mu_covariates_0],-0.516,0.32,-1.163,0.034,0.009,0.006,1403.0,1799.0,1.0,lh_G_and_S_subcentral
slope_mu[mu_covariates_1],0.164,1.217,-2.218,2.409,0.028,0.016,1848.0,3027.0,1.0,lh_G_and_S_subcentral
slope_mu[mu_covariates_2],0.219,0.975,-1.625,2.126,0.031,0.02,1004.0,1584.0,1.01,lh_G_and_S_subcentral
slope_mu[mu_covariates_3],-0.277,0.713,-1.655,1.057,0.022,0.014,1011.0,1726.0,1.01,lh_G_and_S_subcentral
slope_mu[mu_covariates_4],-0.051,0.702,-1.423,1.203,0.02,0.011,1274.0,2048.0,1.01,lh_G_and_S_subcentral
slope_mu[mu_covariates_5],0.811,0.975,-0.988,2.637,0.024,0.015,1702.0,2649.0,1.0,lh_G_and_S_subcentral
slope_mu[mu_covariates_6],0.752,1.363,-1.784,3.334,0.032,0.021,1841.0,2704.0,1.0,lh_G_and_S_subcentral
slope_mu[mu_covariates_7],-1.234,1.573,-4.262,1.664,0.028,0.018,3136.0,4344.0,1.0,lh_G_and_S_subcentral
mu_intercept_mu,0.034,0.66,-1.239,1.264,0.022,0.015,904.0,1352.0,1.01,lh_G_and_S_subcentral
site_sigma_intercept_mu,-1.974,0.492,-2.845,-1.023,0.013,0.007,1378.0,2556.0,1.0,lh_G_and_S_subcentral
normalized_site_offset_intercept_mu_zerosum__[0],0.12,0.694,-1.193,1.425,0.007,0.01,9687.0,4885.0,1.0,lh_G_and_S_subcentral
normalized_site_offset_intercept_mu_zerosum__[1],-0.124,0.339,-0.754,0.544,0.003,0.006,9506.0,4025.0,1.0,lh_G_and_S_subcentral
normalized_site_offset_intercept_mu_zerosum__[2],-0.914,0.384,-1.66,-0.232,0.005,0.005,5208.0,4377.0,1.0,lh_G_and_S_subcentral
normalized_site_offset_intercept_mu_zerosum__[3],0.933,0.432,0.151,1.767,0.005,0.006,6813.0,4070.0,1.0,lh_G_and_S_subcentral
normalized_site_offset_intercept_mu_zerosum__[4],0.884,0.331,0.3,1.518,0.005,0.006,4924.0,4353.0,1.0,lh_G_and_S_subcentral
normalized_site_offset_intercept_mu_zerosum__[5],-0.148,0.39,-0.831,0.646,0.004,0.006,8599.0,4336.0,1.0,lh_G_and_S_subcentral
normalized_site_offset_intercept_mu_zerosum__[6],-0.445,0.19,-0.804,-0.098,0.004,0.003,3016.0,3694.0,1.0,lh_G_and_S_subcentral
normalized_site_offset_intercept_mu_zerosum__[7],0.144,0.295,-0.414,0.702,0.003,0.004,8561.0,4318.0,1.0,lh_G_and_S_subcentral
normalized_site_offset_intercept_mu_zerosum__[8],-0.517,0.301,-1.114,0.012,0.004,0.004,5843.0,4628.0,1.0,lh_G_and_S_subcentral
normalized_site_offset_intercept_mu_zerosum__[9],0.612,0.334,-0.031,1.248,0.005,0.005,5381.0,3899.0,1.0,lh_G_and_S_subcentral
normalized_site_offset_intercept_mu_zerosum__[10],0.557,0.209,0.176,0.959,0.003,0.003,3710.0,4283.0,1.0,lh_G_and_S_subcentral
normalized_site_offset_intercept_mu_zerosum__[11],-0.024,0.339,-0.69,0.593,0.003,0.006,10762.0,4011.0,1.0,lh_G_and_S_subcentral
normalized_site_offset_intercept_mu_zerosum__[12],0.679,0.397,-0.055,1.434,0.005,0.006,6987.0,4516.0,1.0,lh_G_and_S_subcentral
normalized_site_offset_intercept_mu_zerosum__[13],0.126,0.287,-0.394,0.681,0.003,0.004,7044.0,3981.0,1.0,lh_G_and_S_subcentral
normalized_site_offset_intercept_mu_zerosum__[14],1.001,0.279,0.474,1.501,0.006,0.004,2292.0,3864.0,1.0,lh_G_and_S_subcentral
normalized_site_offset_intercept_mu_zerosum__[15],-0.245,0.371,-0.953,0.473,0.004,0.006,8841.0,3991.0,1.0,lh_G_and_S_subcentral
normalized_site_offset_intercept_mu_zerosum__[16],0.823,0.368,0.167,1.548,0.005,0.005,6403.0,4953.0,1.0,lh_G_and_S_subcentral
normalized_site_offset_intercept_mu_zerosum__[17],0.253,0.16,-0.055,0.546,0.002,0.002,5180.0,4169.0,1.0,lh_G_and_S_subcentral
normalized_site_offset_intercept_mu_zerosum__[18],0.014,0.318,-0.629,0.585,0.003,0.005,9847.0,4342.0,1.0,lh_G_and_S_subcentral
normalized_site_offset_intercept_mu_zerosum__[19],1.523,0.432,0.742,2.356,0.007,0.006,3398.0,3925.0,1.0,lh_G_and_S_subcentral
normalized_site_offset_intercept_mu_zerosum__[20],0.914,0.307,0.348,1.484,0.005,0.004,3899.0,4754.0,1.0,lh_G_and_S_subcentral
normalized_site_offset_intercept_mu_zerosum__[21],0.109,0.202,-0.249,0.52,0.002,0.003,7733.0,4333.0,1.0,lh_G_and_S_subcentral
normalized_site_offset_intercept_mu_zerosum__[22],-0.159,0.311,-0.783,0.39,0.003,0.005,8107.0,4301.0,1.0,lh_G_and_S_subcentral
normalized_site_offset_intercept_mu_zerosum__[23],0.007,0.341,-0.622,0.657,0.004,0.005,9318.0,4731.0,1.0,lh_G_and_S_subcentral
sex_sigma_intercept_mu,2.741,1.008,0.798,4.577,0.012,0.013,6730.0,4341.0,1.0,lh_G_and_S_subcentral
normalized_sex_offset_intercept_mu_zerosum__[0],0.028,0.017,-0.002,0.059,0.0,0.0,5963.0,4308.0,1.0,lh_G_and_S_subcentral
slope_sigma[sigma_covariates_0],-0.215,0.382,-0.944,0.469,0.009,0.006,1830.0,2542.0,1.0,lh_G_and_S_subcentral
slope_sigma[sigma_covariates_1],-0.49,1.535,-3.454,2.291,0.026,0.016,3397.0,4596.0,1.0,lh_G_and_S_subcentral
slope_sigma[sigma_covariates_2],-1.035,1.297,-3.469,1.411,0.032,0.022,1638.0,2345.0,1.0,lh_G_and_S_subcentral
slope_sigma[sigma_covariates_3],-0.841,0.944,-2.639,0.938,0.023,0.015,1682.0,2648.0,1.0,lh_G_and_S_subcentral
slope_sigma[sigma_covariates_4],-0.127,0.918,-1.864,1.572,0.02,0.013,2115.0,2702.0,1.0,lh_G_and_S_subcentral
slope_sigma[sigma_covariates_5],-1.121,1.254,-3.469,1.161,0.025,0.016,2484.0,3478.0,1.0,lh_G_and_S_subcentral
slope_sigma[sigma_covariates_6],-0.018,1.687,-3.097,3.19,0.031,0.022,2981.0,3521.0,1.0,lh_G_and_S_subcentral
slope_sigma[sigma_covariates_7],0.24,1.946,-3.536,3.748,0.023,0.024,7452.0,4976.0,1.0,lh_G_and_S_subcentral
intercept_sigma,-0.44,0.848,-2.105,1.072,0.022,0.016,1475.0,2141.0,1.0,lh_G_and_S_subcentral
normalized_site_offset_intercept_mu[Pittsburgh],-0.084,0.687,-1.347,1.252,0.007,0.01,9663.0,5100.0,1.0,lh_G_and_S_subcentral
normalized_site_offset_intercept_mu[Oxford],-0.328,0.333,-0.954,0.315,0.004,0.006,8687.0,3501.0,1.0,lh_G_and_S_subcentral
normalized_site_offset_intercept_mu[Newark],-1.118,0.39,-1.868,-0.418,0.006,0.005,4430.0,4465.0,1.0,lh_G_and_S_subcentral
normalized_site_offset_intercept_mu[Leiden_2180],0.729,0.419,-0.021,1.535,0.005,0.006,7766.0,4230.0,1.0,lh_G_and_S_subcentral
normalized_site_offset_intercept_mu[SaintLouis],0.68,0.312,0.122,1.289,0.004,0.006,6235.0,4120.0,1.0,lh_G_and_S_subcentral
normalized_site_offset_intercept_mu[Munchen],-0.352,0.385,-1.116,0.337,0.004,0.006,8373.0,4311.0,1.0,lh_G_and_S_subcentral
normalized_site_offset_intercept_mu[Beijing_Zang],-0.649,0.202,-1.037,-0.301,0.004,0.003,2338.0,3932.0,1.0,lh_G_and_S_subcentral
normalized_site_offset_intercept_mu[Cleveland],-0.06,0.286,-0.59,0.496,0.003,0.004,8900.0,4531.0,1.0,lh_G_and_S_subcentral
normalized_site_offset_intercept_mu[AnnArbor_b],-0.721,0.303,-1.307,-0.187,0.004,0.004,4649.0,4270.0,1.0,lh_G_and_S_subcentral
normalized_site_offset_intercept_mu[Berlin_Margulies],0.407,0.317,-0.183,1.039,0.004,0.005,6494.0,3972.0,1.0,lh_G_and_S_subcentral
normalized_site_offset_intercept_mu[Oulu],0.353,0.188,0.011,0.715,0.003,0.003,4790.0,4364.0,1.0,lh_G_and_S_subcentral
normalized_site_offset_intercept_mu[Baltimore],-0.228,0.333,-0.829,0.422,0.003,0.005,9705.0,3962.0,1.0,lh_G_and_S_subcentral
normalized_site_offset_intercept_mu[ds003568-1.0.4],0.475,0.387,-0.229,1.224,0.004,0.006,8153.0,4522.0,1.0,lh_G_and_S_subcentral
normalized_site_offset_intercept_mu[Milwaukee_b],-0.079,0.276,-0.613,0.426,0.003,0.004,7362.0,4229.0,1.0,lh_G_and_S_subcentral
normalized_site_offset_intercept_mu[ICBM],0.797,0.25,0.362,1.274,0.005,0.003,2541.0,3655.0,1.0,lh_G_and_S_subcentral
normalized_site_offset_intercept_mu[PaloAlto],-0.449,0.367,-1.169,0.238,0.004,0.006,8186.0,4018.0,1.0,lh_G_and_S_subcentral
normalized_site_offset_intercept_mu[Leiden_2200],0.619,0.354,-0.011,1.328,0.004,0.005,7499.0,4438.0,1.0,lh_G_and_S_subcentral
normalized_site_offset_intercept_mu[Cambridge_Buckner],0.049,0.146,-0.216,0.334,0.002,0.002,6500.0,4650.0,1.0,lh_G_and_S_subcentral
normalized_site_offset_intercept_mu[NewYork_a_ADHD],-0.19,0.311,-0.763,0.423,0.003,0.005,9215.0,4288.0,1.0,lh_G_and_S_subcentral
normalized_site_offset_intercept_mu[Queensland],1.319,0.409,0.552,2.066,0.007,0.005,3904.0,4116.0,1.0,lh_G_and_S_subcentral
normalized_site_offset_intercept_mu[ds003653-1.0.0],0.71,0.284,0.216,1.269,0.004,0.004,4648.0,4482.0,1.0,lh_G_and_S_subcentral
normalized_site_offset_intercept_mu[NewYork_a],-0.095,0.195,-0.465,0.272,0.002,0.003,8608.0,3815.0,1.0,lh_G_and_S_subcentral
normalized_site_offset_intercept_mu[Atlanta],-0.363,0.306,-0.956,0.202,0.004,0.005,7037.0,4302.0,1.0,lh_G_and_S_subcentral
normalized_site_offset_intercept_mu[Bangor],-0.197,0.338,-0.85,0.421,0.004,0.005,9102.0,4347.0,1.0,lh_G_and_S_subcentral
normalized_site_offset_intercept_mu[AnnArbor_a],-1.224,0.387,-1.988,-0.546,0.006,0.005,3760.0,4298.0,1.0,lh_G_and_S_subcentral
normalized_sex_offset_intercept_mu[M],0.02,0.012,-0.002,0.042,0.0,0.0,5963.0,4308.0,1.0,lh_G_and_S_subcentral
normalized_sex_offset_intercept_mu[F],-0.02,0.012,-0.042,0.002,0.0,0.0,5963.0,4308.0,1.0,lh_G_and_S_subcentral
site_offset_intercept_mu[0],-0.054,0.431,-0.882,0.749,0.005,0.005,8496.0,5263.0,1.0,lh_G_and_S_subcentral
site_offset_intercept_mu[1],-0.205,0.203,-0.601,0.167,0.002,0.003,10109.0,4021.0,1.0,lh_G_and_S_subcentral
site_offset_intercept_mu[2],-0.697,0.215,-1.113,-0.308,0.002,0.003,8322.0,4397.0,1.0,lh_G_and_S_subcentral
site_offset_intercept_mu[3],0.457,0.253,-0.009,0.925,0.003,0.003,9027.0,4576.0,1.0,lh_G_and_S_subcentral
site_offset_intercept_mu[4],0.424,0.177,0.117,0.783,0.002,0.003,8383.0,4627.0,1.0,lh_G_and_S_subcentral
site_offset_intercept_mu[5],-0.221,0.236,-0.671,0.217,0.003,0.003,8559.0,4654.0,1.0,lh_G_and_S_subcentral
site_offset_intercept_mu[6],-0.401,0.09,-0.582,-0.239,0.001,0.001,6554.0,4588.0,1.0,lh_G_and_S_subcentral
site_offset_intercept_mu[7],-0.038,0.174,-0.352,0.299,0.002,0.002,8832.0,4873.0,1.0,lh_G_and_S_subcentral
site_offset_intercept_mu[8],-0.449,0.171,-0.771,-0.132,0.002,0.002,7669.0,5071.0,1.0,lh_G_and_S_subcentral
site_offset_intercept_mu[9],0.254,0.189,-0.098,0.617,0.002,0.002,8634.0,4193.0,1.0,lh_G_and_S_subcentral
site_offset_intercept_mu[10],0.219,0.107,0.021,0.423,0.001,0.001,7150.0,5014.0,1.0,lh_G_and_S_subcentral
site_offset_intercept_mu[11],-0.141,0.202,-0.509,0.241,0.002,0.003,10165.0,4591.0,1.0,lh_G_and_S_subcentral
site_offset_intercept_mu[12],0.296,0.232,-0.119,0.753,0.002,0.003,8951.0,5423.0,1.0,lh_G_and_S_subcentral
site_offset_intercept_mu[13],-0.05,0.169,-0.372,0.262,0.002,0.002,7562.0,4196.0,1.0,lh_G_and_S_subcentral
site_offset_intercept_mu[14],0.493,0.118,0.269,0.711,0.001,0.001,7352.0,5650.0,1.0,lh_G_and_S_subcentral
site_offset_intercept_mu[15],-0.28,0.221,-0.7,0.131,0.002,0.003,8819.0,4378.0,1.0,lh_G_and_S_subcentral
site_offset_intercept_mu[16],0.388,0.213,0.01,0.805,0.002,0.003,8874.0,4629.0,1.0,lh_G_and_S_subcentral
site_offset_intercept_mu[17],0.03,0.089,-0.136,0.197,0.001,0.001,6699.0,4974.0,1.0,lh_G_and_S_subcentral
site_offset_intercept_mu[18],-0.118,0.19,-0.479,0.231,0.002,0.003,9768.0,4576.0,1.0,lh_G_and_S_subcentral
site_offset_intercept_mu[19],0.823,0.22,0.382,1.203,0.002,0.003,8325.0,4621.0,1.0,lh_G_and_S_subcentral
site_offset_intercept_mu[20],0.443,0.16,0.144,0.748,0.002,0.002,8768.0,4766.0,1.0,lh_G_and_S_subcentral
site_offset_intercept_mu[21],-0.059,0.118,-0.269,0.172,0.001,0.001,9215.0,4883.0,1.0,lh_G_and_S_subcentral
site_offset_intercept_mu[22],-0.225,0.182,-0.563,0.117,0.002,0.002,8320.0,4700.0,1.0,lh_G_and_S_subcentral
site_offset_intercept_mu[23],-0.123,0.206,-0.5,0.263,0.002,0.003,9087.0,4744.0,1.0,lh_G_and_S_subcentral
site_offset_intercept_mu[24],-0.765,0.211,-1.136,-0.344,0.003,0.002,5984.0,5122.0,1.0,lh_G_and_S_subcentral
sex_offset_intercept_mu[0],0.06,0.031,0.0,0.116,0.0,0.0,7282.0,4888.0,1.0,lh_G_and_S_subcentral
sex_offset_intercept_mu[1],-0.06,0.031,-0.116,-0.0,0.0,0.0,7282.0,4888.0,1.0,lh_G_and_S_subcentral
slope_mu[mu_covariates_0],-0.384,0.348,-1.047,0.265,0.01,0.007,1215.0,1625.0,1.0,lh_G_and_S_paracentral
slope_mu[mu_covariates_1],-0.055,1.183,-2.335,2.148,0.029,0.016,1625.0,2653.0,1.0,lh_G_and_S_paracentral
slope_mu[mu_covariates_2],0.283,0.956,-1.495,2.085,0.03,0.017,1028.0,1692.0,1.0,lh_G_and_S_paracentral
slope_mu[mu_covariates_3],-0.393,0.698,-1.719,0.884,0.022,0.012,1057.0,1710.0,1.0,lh_G_and_S_paracentral
slope_mu[mu_covariates_4],0.433,0.714,-0.91,1.814,0.02,0.012,1233.0,2282.0,1.0,lh_G_and_S_paracentral
slope_mu[mu_covariates_5],0.098,1.084,-1.967,2.078,0.029,0.018,1443.0,2404.0,1.0,lh_G_and_S_paracentral
slope_mu[mu_covariates_6],1.134,1.529,-1.752,3.955,0.039,0.024,1546.0,2716.0,1.0,lh_G_and_S_paracentral
slope_mu[mu_covariates_7],-1.328,1.829,-4.595,2.138,0.022,0.024,6636.0,4985.0,1.0,lh_G_and_S_paracentral
mu_intercept_mu,0.09,0.647,-1.127,1.29,0.021,0.012,957.0,1398.0,1.0,lh_G_and_S_paracentral
site_sigma_intercept_mu,-1.191,0.469,-2.021,-0.296,0.013,0.007,1264.0,2215.0,1.0,lh_G_and_S_paracentral
normalized_site_offset_intercept_mu_zerosum__[0],0.242,0.521,-0.704,1.27,0.006,0.007,8397.0,4511.0,1.0,lh_G_and_S_paracentral
normalized_site_offset_intercept_mu_zerosum__[1],1.12,0.288,0.617,1.686,0.006,0.004,2394.0,3149.0,1.0,lh_G_and_S_paracentral
normalized_site_offset_intercept_mu_zerosum__[2],-0.415,0.235,-0.847,0.037,0.003,0.004,6046.0,3519.0,1.0,lh_G_and_S_paracentral
normalized_site_offset_intercept_mu_zerosum__[3],0.151,0.273,-0.342,0.669,0.003,0.005,8700.0,3932.0,1.0,lh_G_and_S_paracentral
normalized_site_offset_intercept_mu_zerosum__[4],1.078,0.259,0.636,1.593,0.006,0.003,2085.0,3416.0,1.0,lh_G_and_S_paracentral
normalized_site_offset_intercept_mu_zerosum__[5],-0.332,0.29,-0.901,0.192,0.003,0.004,6934.0,4058.0,1.0,lh_G_and_S_paracentral
normalized_site_offset_intercept_mu_zerosum__[6],0.209,0.105,0.022,0.418,0.002,0.001,4004.0,4450.0,1.0,lh_G_and_S_paracentral
normalized_site_offset_intercept_mu_zerosum__[7],0.103,0.191,-0.255,0.47,0.002,0.003,8525.0,5131.0,1.0,lh_G_and_S_paracentral
normalized_site_offset_intercept_mu_zerosum__[8],-0.429,0.208,-0.825,-0.04,0.003,0.003,4806.0,4156.0,1.0,lh_G_and_S_paracentral
normalized_site_offset_intercept_mu_zerosum__[9],0.757,0.243,0.324,1.228,0.004,0.003,3466.0,3740.0,1.0,lh_G_and_S_paracentral
normalized_site_offset_intercept_mu_zerosum__[10],-0.511,0.15,-0.796,-0.239,0.003,0.002,2418.0,3429.0,1.0,lh_G_and_S_paracentral
normalized_site_offset_intercept_mu_zerosum__[11],0.233,0.215,-0.189,0.63,0.003,0.003,7418.0,4532.0,1.0,lh_G_and_S_paracentral
normalized_site_offset_intercept_mu_zerosum__[12],1.284,0.328,0.684,1.887,0.007,0.004,2535.0,3655.0,1.0,lh_G_and_S_paracentral
normalized_site_offset_intercept_mu_zerosum__[13],0.9,0.243,0.478,1.387,0.005,0.003,2190.0,3453.0,1.0,lh_G_and_S_paracentral
normalized_site_offset_intercept_mu_zerosum__[14],-1.032,0.23,-1.452,-0.608,0.005,0.003,1768.0,3317.0,1.0,lh_G_and_S_paracentral
normalized_site_offset_intercept_mu_zerosum__[15],0.337,0.247,-0.136,0.802,0.003,0.004,7404.0,4261.0,1.0,lh_G_and_S_paracentral
normalized_site_offset_intercept_mu_zerosum__[16],0.748,0.263,0.295,1.274,0.004,0.004,3664.0,3728.0,1.0,lh_G_and_S_paracentral
normalized_site_offset_intercept_mu_zerosum__[17],-0.4,0.123,-0.626,-0.174,0.002,0.002,2660.0,2963.0,1.0,lh_G_and_S_paracentral
normalized_site_offset_intercept_mu_zerosum__[18],0.631,0.233,0.217,1.082,0.004,0.003,3944.0,3663.0,1.0,lh_G_and_S_paracentral
normalized_site_offset_intercept_mu_zerosum__[19],-0.711,0.258,-1.219,-0.266,0.004,0.004,4260.0,4101.0,1.0,lh_G_and_S_paracentral
normalized_site_offset_intercept_mu_zerosum__[20],1.078,0.254,0.606,1.536,0.006,0.004,2107.0,3136.0,1.0,lh_G_and_S_paracentral
normalized_site_offset_intercept_mu_zerosum__[21],0.885,0.199,0.531,1.268,0.005,0.003,1712.0,3100.0,1.0,lh_G_and_S_paracentral
normalized_site_offset_intercept_mu_zerosum__[22],-0.036,0.189,-0.374,0.343,0.002,0.003,8343.0,4192.0,1.0,lh_G_and_S_paracentral
normalized_site_offset_intercept_mu_zerosum__[23],-0.852,0.256,-1.323,-0.375,0.004,0.003,3304.0,3991.0,1.0,lh_G_and_S_paracentral
sex_sigma_intercept_mu,2.751,1.023,0.742,4.632,0.012,0.015,7596.0,4501.0,1.0,lh_G_and_S_paracentral
normalized_sex_offset_intercept_mu_zerosum__[0],-0.001,0.013,-0.025,0.023,0.0,0.0,5873.0,3702.0,1.0,lh_G_and_S_paracentral
slope_sigma[sigma_covariates_0],0.158,0.361,-0.573,0.782,0.008,0.005,2231.0,2956.0,1.0,lh_G_and_S_paracentral
slope_sigma[sigma_covariates_1],-0.348,1.646,-3.276,2.843,0.025,0.018,4429.0,4633.0,1.0,lh_G_and_S_paracentral
slope_sigma[sigma_covariates_2],-0.458,1.315,-2.87,2.03,0.031,0.02,1815.0,2514.0,1.0,lh_G_and_S_paracentral
slope_sigma[sigma_covariates_3],-1.253,0.93,-3.142,0.377,0.023,0.014,1693.0,2499.0,1.0,lh_G_and_S_paracentral
slope_sigma[sigma_covariates_4],-0.35,0.873,-2.079,1.218,0.018,0.012,2344.0,3242.0,1.0,lh_G_and_S_paracentral
slope_sigma[sigma_covariates_5],-3.201,1.217,-5.413,-0.852,0.021,0.015,3342.0,3957.0,1.0,lh_G_and_S_paracentral
slope_sigma[sigma_covariates_6],1.305,1.593,-1.86,4.157,0.027,0.019,3560.0,4363.0,1.0,lh_G_and_S_paracentral
slope_sigma[sigma_covariates_7],0.764,1.86,-2.795,4.168,0.022,0.023,7243.0,4645.0,1.0,lh_G_and_S_paracentral
intercept_sigma,-0.649,0.855,-2.285,0.907,0.021,0.015,1591.0,2370.0,1.0,lh_G_and_S_paracentral
normalized_site_offset_intercept_mu[Pittsburgh],0.074,0.516,-0.891,1.053,0.006,0.007,8380.0,4467.0,1.0,lh_G_and_S_paracentral
normalized_site_offset_intercept_mu[Oxford],0.952,0.265,0.469,1.461,0.005,0.004,2724.0,3519.0,1.0,lh_G_and_S_paracentral
normalized_site_offset_intercept_mu[Newark],-0.583,0.241,-1.025,-0.122,0.004,0.004,4560.0,3339.0,1.0,lh_G_and_S_paracentral
normalized_site_offset_intercept_mu[Leiden_2180],-0.017,0.269,-0.511,0.493,0.003,0.004,9131.0,4010.0,1.0,lh_G_and_S_paracentral
normalized_site_offset_intercept_mu[SaintLouis],0.91,0.235,0.502,1.363,0.005,0.003,2319.0,3466.0,1.0,lh_G_and_S_paracentral
normalized_site_offset_intercept_mu[Munchen],-0.5,0.29,-1.041,0.048,0.004,0.004,5871.0,4018.0,1.0,lh_G_and_S_paracentral
normalized_site_offset_intercept_mu[Beijing_Zang],0.041,0.093,-0.139,0.218,0.001,0.001,5961.0,4782.0,1.0,lh_G_and_S_paracentral
normalized_site_offset_intercept_mu[Cleveland],-0.065,0.185,-0.408,0.303,0.002,0.003,8819.0,4337.0,1.0,lh_G_and_S_paracentral
normalized_site_offset_intercept_mu[AnnArbor_b],-0.597,0.216,-0.997,-0.189,0.004,0.003,3581.0,4114.0,1.0,lh_G_and_S_paracentral
normalized_site_offset_intercept_mu[Berlin_Margulies],0.589,0.224,0.177,1.021,0.003,0.003,4305.0,3902.0,1.0,lh_G_and_S_paracentral
normalized_site_offset_intercept_mu[Oulu],-0.679,0.166,-0.989,-0.375,0.004,0.002,1926.0,3433.0,1.0,lh_G_and_S_paracentral
normalized_site_offset_intercept_mu[Baltimore],0.065,0.206,-0.336,0.439,0.002,0.003,8560.0,4380.0,1.0,lh_G_and_S_paracentral
normalized_site_offset_intercept_mu[ds003568-1.0.4],1.116,0.31,0.556,1.706,0.006,0.004,2889.0,4005.0,1.0,lh_G_and_S_paracentral
normalized_site_offset_intercept_mu[Milwaukee_b],0.732,0.221,0.313,1.128,0.004,0.003,2495.0,3263.0,1.0,lh_G_and_S_paracentral
normalized_site_offset_intercept_mu[ICBM],-1.2,0.25,-1.673,-0.749,0.006,0.003,1599.0,3004.0,1.0,lh_G_and_S_paracentral
normalized_site_offset_intercept_mu[PaloAlto],0.169,0.238,-0.268,0.638,0.003,0.004,8773.0,4395.0,1.0,lh_G_and_S_paracentral
normalized_site_offset_intercept_mu[Leiden_2200],0.58,0.247,0.119,1.054,0.004,0.004,4618.0,3747.0,1.0,lh_G_and_S_paracentral
normalized_site_offset_intercept_mu[Cambridge_Buckner],-0.568,0.139,-0.82,-0.313,0.003,0.002,1954.0,3190.0,1.0,lh_G_and_S_paracentral
normalized_site_offset_intercept_mu[NewYork_a_ADHD],0.463,0.216,0.058,0.875,0.003,0.003,4859.0,3929.0,1.0,lh_G_and_S_paracentral
normalized_site_offset_intercept_mu[Queensland],-0.879,0.268,-1.402,-0.42,0.005,0.004,3377.0,3929.0,1.0,lh_G_and_S_paracentral
normalized_site_offset_intercept_mu[ds003653-1.0.0],0.91,0.23,0.505,1.334,0.005,0.003,2368.0,3686.0,1.0,lh_G_and_S_paracentral
normalized_site_offset_intercept_mu[NewYork_a],0.718,0.175,0.413,1.062,0.004,0.002,1943.0,3336.0,1.0,lh_G_and_S_paracentral
normalized_site_offset_intercept_mu[Atlanta],-0.204,0.186,-0.57,0.132,0.002,0.003,7203.0,3627.0,1.0,lh_G_and_S_paracentral
normalized_site_offset_intercept_mu[Bangor],-1.02,0.269,-1.534,-0.534,0.005,0.004,2738.0,3392.0,1.0,lh_G_and_S_paracentral
normalized_site_offset_intercept_mu[AnnArbor_a],-1.008,0.275,-1.545,-0.528,0.005,0.003,2574.0,3819.0,1.0,lh_G_and_S_paracentral
normalized_sex_offset_intercept_mu[M],-0.001,0.009,-0.018,0.016,0.0,0.0,5873.0,3702.0,1.0,lh_G_and_S_paracentral
normalized_sex_offset_intercept_mu[F],0.001,0.009,-0.016,0.018,0.0,0.0,5873.0,3702.0,1.0,lh_G_and_S_paracentral
site_offset_intercept_mu[0],0.065,0.442,-0.736,0.891,0.005,0.006,8091.0,5003.0,1.0,lh_G_and_S_paracentral
site_offset_intercept_mu[1],0.821,0.179,0.489,1.158,0.002,0.002,8896.0,4601.0,1.0,lh_G_and_S_paracentral
site_offset_intercept_mu[2],-0.503,0.188,-0.863,-0.159,0.002,0.003,9133.0,4725.0,1.0,lh_G_and_S_paracentral
site_offset_intercept_mu[3],-0.015,0.229,-0.447,0.406,0.002,0.003,8760.0,4347.0,1.0,lh_G_and_S_paracentral
site_offset_intercept_mu[4],0.785,0.147,0.514,1.068,0.002,0.002,6795.0,4614.0,1.0,lh_G_and_S_paracentral
site_offset_intercept_mu[5],-0.433,0.238,-0.894,-0.004,0.003,0.003,7569.0,4416.0,1.0,lh_G_and_S_paracentral
site_offset_intercept_mu[6],0.035,0.079,-0.12,0.176,0.001,0.001,6285.0,5255.0,1.0,lh_G_and_S_paracentral
site_offset_intercept_mu[7],-0.056,0.156,-0.362,0.227,0.002,0.002,8986.0,4945.0,1.0,lh_G_and_S_paracentral
site_offset_intercept_mu[8],-0.515,0.165,-0.818,-0.207,0.002,0.002,8038.0,5141.0,1.0,lh_G_and_S_paracentral
site_offset_intercept_mu[9],0.508,0.17,0.177,0.818,0.002,0.002,8396.0,4263.0,1.0,lh_G_and_S_paracentral
site_offset_intercept_mu[10],-0.584,0.095,-0.758,-0.399,0.001,0.001,7887.0,5324.0,1.0,lh_G_and_S_paracentral
site_offset_intercept_mu[11],0.057,0.175,-0.271,0.379,0.002,0.002,8224.0,4583.0,1.0,lh_G_and_S_paracentral
site_offset_intercept_mu[12],0.963,0.214,0.568,1.373,0.002,0.003,7933.0,5168.0,1.0,lh_G_and_S_paracentral
site_offset_intercept_mu[13],0.63,0.151,0.364,0.925,0.002,0.002,7414.0,5191.0,1.0,lh_G_and_S_paracentral
site_offset_intercept_mu[14],-1.033,0.106,-1.227,-0.829,0.001,0.001,7123.0,5550.0,1.0,lh_G_and_S_paracentral
site_offset_intercept_mu[15],0.146,0.2,-0.236,0.522,0.002,0.003,8918.0,4317.0,1.0,lh_G_and_S_paracentral
site_offset_intercept_mu[16],0.5,0.192,0.152,0.882,0.002,0.003,9117.0,4168.0,1.0,lh_G_and_S_paracentral
site_offset_intercept_mu[17],-0.488,0.078,-0.637,-0.343,0.001,0.001,6585.0,4695.0,1.0,lh_G_and_S_paracentral
site_offset_intercept_mu[18],0.399,0.17,0.069,0.71,0.002,0.002,7883.0,4648.0,1.0,lh_G_and_S_paracentral
site_offset_intercept_mu[19],-0.759,0.192,-1.117,-0.398,0.002,0.003,8919.0,4609.0,1.0,lh_G_and_S_paracentral
site_offset_intercept_mu[20],0.785,0.142,0.52,1.05,0.002,0.002,8596.0,4729.0,1.0,lh_G_and_S_paracentral
site_offset_intercept_mu[21],0.618,0.102,0.438,0.82,0.001,0.001,7344.0,5437.0,1.0,lh_G_and_S_paracentral
site_offset_intercept_mu[22],-0.176,0.156,-0.471,0.11,0.002,0.002,8211.0,4623.0,1.0,lh_G_and_S_paracentral
site_offset_intercept_mu[23],-0.881,0.181,-1.217,-0.546,0.002,0.002,8221.0,4405.0,1.0,lh_G_and_S_paracentral
site_offset_intercept_mu[24],-0.869,0.187,-1.228,-0.524,0.002,0.002,7471.0,5517.0,1.0,lh_G_and_S_paracentral
sex_offset_intercept_mu[0],-0.002,0.026,-0.051,0.047,0.0,0.0,7256.0,5071.0,1.0,lh_G_and_S_paracentral
sex_offset_intercept_mu[1],0.002,0.026,-0.047,0.051,0.0,0.0,7256.0,5071.0,1.0,lh_G_and_S_paracentral
slope_mu[mu_covariates_0],-0.553,0.334,-1.152,0.1,0.009,0.005,1293.0,2194.0,1.0,lh_G_and_S_transv_frontopol
slope_mu[mu_covariates_1],2.319,1.191,-0.081,4.405,0.032,0.016,1400.0,2922.0,1.0,lh_G_and_S_transv_frontopol
slope_mu[mu_covariates_2],-0.359,0.965,-2.168,1.473,0.032,0.019,926.0,1643.0,1.01,lh_G_and_S_transv_frontopol
slope_mu[mu_covariates_3],-1.033,0.706,-2.359,0.319,0.024,0.014,840.0,1591.0,1.01,lh_G_and_S_transv_frontopol
slope_mu[mu_covariates_4],-0.103,0.697,-1.329,1.262,0.021,0.013,1093.0,1930.0,1.01,lh_G_and_S_transv_frontopol
slope_mu[mu_covariates_5],0.588,1.055,-1.257,2.737,0.027,0.017,1500.0,2548.0,1.0,lh_G_and_S_transv_frontopol
slope_mu[mu_covariates_6],0.556,1.502,-2.317,3.32,0.037,0.021,1681.0,3018.0,1.0,lh_G_and_S_transv_frontopol
slope_mu[mu_covariates_7],-0.223,1.758,-3.663,2.91,0.022,0.022,6164.0,4625.0,1.0,lh_G_and_S_transv_frontopol
mu_intercept_mu,0.418,0.649,-0.772,1.687,0.023,0.014,781.0,1452.0,1.01,lh_G_and_S_transv_frontopol
site_sigma_intercept_mu,-1.528,0.509,-2.543,-0.634,0.014,0.007,1349.0,2649.0,1.0,lh_G_and_S_transv_frontopol
normalized_site_offset_intercept_mu_zerosum__[0],-1.747,0.611,-2.908,-0.612,0.007,0.009,8142.0,4741.0,1.0,lh_G_and_S_transv_frontopol
normalized_site_offset_intercept_mu_zerosum__[1],-0.355,0.274,-0.886,0.146,0.003,0.004,6706.0,4018.0,1.0,lh_G_and_S_transv_frontopol
normalized_site_offset_intercept_mu_zerosum__[2],0.631,0.299,0.056,1.18,0.004,0.004,5577.0,4157.0,1.0,lh_G_and_S_transv_frontopol
normalized_site_offset_intercept_mu_zerosum__[3],-0.168,0.355,-0.871,0.476,0.004,0.005,10057.0,4729.0,1.0,lh_G_and_S_transv_frontopol
normalized_site_offset_intercept_mu_zerosum__[4],0.297,0.245,-0.145,0.773,0.003,0.004,6595.0,4313.0,1.0,lh_G_and_S_transv_frontopol
normalized_site_offset_intercept_mu_zerosum__[5],0.046,0.447,-0.82,0.86,0.005,0.007,7883.0,4409.0,1.0,lh_G_and_S_transv_frontopol
normalized_site_offset_intercept_mu_zerosum__[6],0.149,0.133,-0.084,0.419,0.002,0.002,6336.0,4807.0,1.0,lh_G_and_S_transv_frontopol
normalized_site_offset_intercept_mu_zerosum__[7],-0.441,0.253,-0.924,0.016,0.003,0.004,6424.0,4319.0,1.0,lh_G_and_S_transv_frontopol
normalized_site_offset_intercept_mu_zerosum__[8],0.488,0.287,-0.038,1.031,0.004,0.004,6672.0,4454.0,1.0,lh_G_and_S_transv_frontopol
normalized_site_offset_intercept_mu_zerosum__[9],-0.164,0.248,-0.643,0.302,0.003,0.004,8129.0,4304.0,1.0,lh_G_and_S_transv_frontopol
normalized_site_offset_intercept_mu_zerosum__[10],0.085,0.157,-0.227,0.372,0.002,0.002,7416.0,4665.0,1.0,lh_G_and_S_transv_frontopol
normalized_site_offset_intercept_mu_zerosum__[11],-1.268,0.353,-1.935,-0.639,0.007,0.005,2544.0,3688.0,1.0,lh_G_and_S_transv_frontopol
normalized_site_offset_intercept_mu_zerosum__[12],0.171,0.32,-0.411,0.789,0.003,0.005,8849.0,4485.0,1.0,lh_G_and_S_transv_frontopol
normalized_site_offset_intercept_mu_zerosum__[13],0.028,0.241,-0.413,0.493,0.003,0.004,7904.0,4847.0,1.0,lh_G_and_S_transv_frontopol
normalized_site_offset_intercept_mu_zerosum__[14],0.928,0.248,0.498,1.399,0.005,0.003,2067.0,3420.0,1.0,lh_G_and_S_transv_frontopol
normalized_site_offset_intercept_mu_zerosum__[15],1.012,0.332,0.433,1.65,0.006,0.004,3669.0,4151.0,1.0,lh_G_and_S_transv_frontopol
normalized_site_offset_intercept_mu_zerosum__[16],0.493,0.299,-0.046,1.078,0.004,0.005,6525.0,4066.0,1.0,lh_G_and_S_transv_frontopol
normalized_site_offset_intercept_mu_zerosum__[17],0.087,0.132,-0.15,0.344,0.002,0.002,6543.0,4232.0,1.0,lh_G_and_S_transv_frontopol
normalized_site_offset_intercept_mu_zerosum__[18],-0.002,0.255,-0.504,0.467,0.003,0.004,9263.0,4535.0,1.0,lh_G_and_S_transv_frontopol
normalized_site_offset_intercept_mu_zerosum__[19],1.373,0.371,0.685,2.062,0.007,0.005,2909.0,3923.0,1.0,lh_G_and_S_transv_frontopol
normalized_site_offset_intercept_mu_zerosum__[20],0.119,0.212,-0.28,0.517,0.002,0.003,9440.0,4263.0,1.0,lh_G_and_S_transv_frontopol
normalized_site_offset_intercept_mu_zerosum__[21],-0.122,0.161,-0.41,0.197,0.002,0.002,7616.0,4396.0,1.0,lh_G_and_S_transv_frontopol
normalized_site_offset_intercept_mu_zerosum__[22],-0.787,0.284,-1.32,-0.284,0.005,0.004,3361.0,3626.0,1.0,lh_G_and_S_transv_frontopol
normalized_site_offset_intercept_mu_zerosum__[23],-0.268,0.299,-0.812,0.298,0.003,0.005,8100.0,4712.0,1.0,lh_G_and_S_transv_frontopol
sex_sigma_intercept_mu,2.755,1.033,0.809,4.667,0.012,0.014,7206.0,3862.0,1.0,lh_G_and_S_transv_frontopol
normalized_sex_offset_intercept_mu_zerosum__[0],-0.026,0.016,-0.056,0.004,0.0,0.0,5946.0,4175.0,1.0,lh_G_and_S_transv_frontopol
slope_sigma[sigma_covariates_0],0.199,0.364,-0.517,0.854,0.008,0.005,1984.0,2927.0,1.0,lh_G_and_S_transv_frontopol
slope_sigma[sigma_covariates_1],-1.399,1.527,-4.444,1.29,0.026,0.016,3378.0,4326.0,1.0,lh_G_and_S_transv_frontopol
slope_sigma[sigma_covariates_2],0.148,1.285,-2.204,2.603,0.034,0.021,1449.0,2405.0,1.0,lh_G_and_S_transv_frontopol
slope_sigma[sigma_covariates_3],-0.842,0.946,-2.673,0.864,0.024,0.015,1498.0,2226.0,1.0,lh_G_and_S_transv_frontopol
slope_sigma[sigma_covariates_4],-1.362,0.916,-3.121,0.32,0.021,0.013,1865.0,2425.0,1.0,lh_G_and_S_transv_frontopol
slope_sigma[sigma_covariates_5],-0.902,1.267,-3.154,1.601,0.023,0.016,2928.0,3648.0,1.0,lh_G_and_S_transv_frontopol
slope_sigma[sigma_covariates_6],0.442,1.641,-2.808,3.317,0.03,0.02,3064.0,4152.0,1.0,lh_G_and_S_transv_frontopol
slope_sigma[sigma_covariates_7],0.087,1.939,-3.582,3.688,0.021,0.025,8575.0,4885.0,1.0,lh_G_and_S_transv_frontopol
intercept_sigma,-0.558,0.863,-2.134,1.098,0.024,0.015,1281.0,1932.0,1.0,lh_G_and_S_transv_frontopol
normalized_site_offset_intercept_mu[Pittsburgh],-1.766,0.605,-2.91,-0.633,0.007,0.008,7907.0,4685.0,1.0,lh_G_and_S_transv_frontopol
normalized_site_offset_intercept_mu[Oxford],-0.375,0.268,-0.903,0.112,0.003,0.004,6189.0,4217.0,1.0,lh_G_and_S_transv_frontopol
normalized_site_offset_intercept_mu[Newark],0.611,0.293,0.031,1.131,0.004,0.004,5655.0,4119.0,1.0,lh_G_and_S_transv_frontopol
normalized_site_offset_intercept_mu[Leiden_2180],-0.187,0.35,-0.836,0.485,0.004,0.005,9723.0,4467.0,1.0,lh_G_and_S_transv_frontopol
normalized_site_offset_intercept_mu[SaintLouis],0.278,0.235,-0.159,0.728,0.003,0.004,6896.0,4311.0,1.0,lh_G_and_S_transv_frontopol
normalized_site_offset_intercept_mu[Munchen],0.026,0.44,-0.833,0.817,0.005,0.007,7791.0,4375.0,1.0,lh_G_and_S_transv_frontopol
normalized_site_offset_intercept_mu[Beijing_Zang],0.129,0.124,-0.091,0.378,0.001,0.002,7435.0,5156.0,1.0,lh_G_and_S_transv_frontopol
normalized_site_offset_intercept_mu[Cleveland],-0.461,0.247,-0.932,-0.011,0.003,0.004,5799.0,4125.0,1.0,lh_G_and_S_transv_frontopol
normalized_site_offset_intercept_mu[AnnArbor_b],0.468,0.28,-0.042,1.012,0.003,0.004,6935.0,4553.0,1.0,lh_G_and_S_transv_frontopol
normalized_site_offset_intercept_mu[Berlin_Margulies],-0.183,0.241,-0.648,0.274,0.003,0.004,8080.0,4185.0,1.0,lh_G_and_S_transv_frontopol
normalized_site_offset_intercept_mu[Oulu],0.065,0.149,-0.222,0.347,0.002,0.002,8094.0,4606.0,1.0,lh_G_and_S_transv_frontopol
normalized_site_offset_intercept_mu[Baltimore],-1.288,0.35,-1.951,-0.674,0.007,0.005,2440.0,3511.0,1.0,lh_G_and_S_transv_frontopol
normalized_site_offset_intercept_mu[ds003568-1.0.4],0.152,0.319,-0.433,0.774,0.003,0.005,8966.0,4131.0,1.0,lh_G_and_S_transv_frontopol
normalized_site_offset_intercept_mu[Milwaukee_b],0.008,0.233,-0.436,0.443,0.003,0.004,7890.0,4624.0,1.0,lh_G_and_S_transv_frontopol
normalized_site_offset_intercept_mu[ICBM],0.909,0.237,0.494,1.361,0.005,0.003,2032.0,3163.0,1.0,lh_G_and_S_transv_frontopol
normalized_site_offset_intercept_mu[PaloAlto],0.992,0.323,0.437,1.616,0.005,0.004,3799.0,4375.0,1.0,lh_G_and_S_transv_frontopol
normalized_site_offset_intercept_mu[Leiden_2200],0.473,0.294,-0.089,1.02,0.004,0.005,6960.0,3880.0,1.0,lh_G_and_S_transv_frontopol
normalized_site_offset_intercept_mu[Cambridge_Buckner],0.068,0.125,-0.166,0.305,0.001,0.002,7381.0,4299.0,1.0,lh_G_and_S_transv_frontopol
normalized_site_offset_intercept_mu[NewYork_a_ADHD],-0.021,0.25,-0.502,0.445,0.003,0.004,9410.0,4038.0,1.0,lh_G_and_S_transv_frontopol
normalized_site_offset_intercept_mu[Queensland],1.353,0.362,0.716,2.064,0.007,0.005,2916.0,3890.0,1.0,lh_G_and_S_transv_frontopol
normalized_site_offset_intercept_mu[ds003653-1.0.0],0.099,0.204,-0.304,0.47,0.002,0.003,9935.0,4735.0,1.0,lh_G_and_S_transv_frontopol
normalized_site_offset_intercept_mu[NewYork_a],-0.142,0.157,-0.432,0.151,0.002,0.002,7405.0,4365.0,1.0,lh_G_and_S_transv_frontopol
normalized_site_offset_intercept_mu[Atlanta],-0.807,0.282,-1.339,-0.306,0.005,0.004,3162.0,3637.0,1.0,lh_G_and_S_transv_frontopol
normalized_site_offset_intercept_mu[Bangor],-0.287,0.296,-0.827,0.273,0.003,0.005,7820.0,4366.0,1.0,lh_G_and_S_transv_frontopol
normalized_site_offset_intercept_mu[AnnArbor_a],-0.117,0.289,-0.645,0.459,0.003,0.004,7477.0,4860.0,1.0,lh_G_and_S_transv_frontopol
normalized_sex_offset_intercept_mu[M],-0.019,0.011,-0.04,0.003,0.0,0.0,5946.0,4175.0,1.0,lh_G_and_S_transv_frontopol
normalized_sex_offset_intercept_mu[F],0.019,0.011,-0.003,0.04,0.0,0.0,5946.0,4175.0,1.0,lh_G_and_S_transv_frontopol
site_offset_intercept_mu[0],-1.357,0.491,-2.28,-0.452,0.007,0.006,5022.0,4348.0,1.0,lh_G_and_S_transv_frontopol
site_offset_intercept_mu[1],-0.279,0.189,-0.643,0.068,0.002,0.002,8415.0,4800.0,1.0,lh_G_and_S_transv_frontopol
site_offset_intercept_mu[2],0.461,0.208,0.09,0.874,0.002,0.003,8472.0,4253.0,1.0,lh_G_and_S_transv_frontopol
site_offset_intercept_mu[3],-0.139,0.256,-0.628,0.332,0.003,0.003,9668.0,4248.0,1.0,lh_G_and_S_transv_frontopol
site_offset_intercept_mu[4],0.209,0.17,-0.103,0.528,0.002,0.002,8578.0,4411.0,1.0,lh_G_and_S_transv_frontopol
site_offset_intercept_mu[5],0.023,0.327,-0.573,0.662,0.004,0.004,7590.0,4777.0,1.0,lh_G_and_S_transv_frontopol
site_offset_intercept_mu[6],0.098,0.091,-0.065,0.276,0.001,0.001,7849.0,5344.0,1.0,lh_G_and_S_transv_frontopol
site_offset_intercept_mu[7],-0.345,0.169,-0.673,-0.042,0.002,0.002,8779.0,4834.0,1.0,lh_G_and_S_transv_frontopol
site_offset_intercept_mu[8],0.353,0.2,-0.024,0.732,0.002,0.003,9125.0,5173.0,1.0,lh_G_and_S_transv_frontopol
site_offset_intercept_mu[9],-0.137,0.175,-0.457,0.198,0.002,0.002,8793.0,4468.0,1.0,lh_G_and_S_transv_frontopol
site_offset_intercept_mu[10],0.05,0.109,-0.147,0.265,0.001,0.001,7793.0,5060.0,1.0,lh_G_and_S_transv_frontopol
site_offset_intercept_mu[11],-0.965,0.193,-1.334,-0.604,0.002,0.003,7900.0,3941.0,1.0,lh_G_and_S_transv_frontopol
site_offset_intercept_mu[12],0.116,0.236,-0.318,0.562,0.003,0.003,8595.0,5216.0,1.0,lh_G_and_S_transv_frontopol
site_offset_intercept_mu[13],0.008,0.172,-0.323,0.322,0.002,0.002,7697.0,4715.0,1.0,lh_G_and_S_transv_frontopol
site_offset_intercept_mu[14],0.679,0.119,0.46,0.904,0.001,0.001,7674.0,4601.0,1.0,lh_G_and_S_transv_frontopol
site_offset_intercept_mu[15],0.746,0.206,0.369,1.134,0.002,0.003,7778.0,4314.0,1.0,lh_G_and_S_transv_frontopol
site_offset_intercept_mu[16],0.357,0.211,-0.021,0.766,0.002,0.003,8835.0,4103.0,1.0,lh_G_and_S_transv_frontopol
site_offset_intercept_mu[17],0.052,0.091,-0.12,0.22,0.001,0.001,7259.0,5129.0,1.0,lh_G_and_S_transv_frontopol
site_offset_intercept_mu[18],-0.015,0.182,-0.359,0.326,0.002,0.002,9407.0,4822.0,1.0,lh_G_and_S_transv_frontopol
site_offset_intercept_mu[19],1.017,0.212,0.611,1.407,0.003,0.003,6914.0,4502.0,1.0,lh_G_and_S_transv_frontopol
site_offset_intercept_mu[20],0.076,0.151,-0.206,0.367,0.002,0.002,10023.0,4928.0,1.0,lh_G_and_S_transv_frontopol
site_offset_intercept_mu[21],-0.105,0.112,-0.316,0.1,0.001,0.001,8708.0,4787.0,1.0,lh_G_and_S_transv_frontopol
site_offset_intercept_mu[22],-0.604,0.174,-0.935,-0.286,0.002,0.002,8430.0,4197.0,1.0,lh_G_and_S_transv_frontopol
site_offset_intercept_mu[23],-0.214,0.214,-0.598,0.19,0.002,0.003,9988.0,4757.0,1.0,lh_G_and_S_transv_frontopol
site_offset_intercept_mu[24],-0.086,0.211,-0.489,0.3,0.002,0.002,8047.0,5222.0,1.0,lh_G_and_S_transv_frontopol
sex_offset_intercept_mu[0],-0.057,0.03,-0.116,-0.002,0.0,0.0,7498.0,5016.0,1.0,lh_G_and_S_transv_frontopol
sex_offset_intercept_mu[1],0.057,0.03,0.002,0.116,0.0,0.0,7498.0,5016.0,1.0,lh_G_and_S_transv_frontopol
slope_mu[mu_covariates_0],-0.572,0.326,-1.192,0.046,0.008,0.006,1531.0,2018.0,1.0,lh_G_and_S_frontomargin
slope_mu[mu_covariates_1],2.009,1.24,-0.242,4.384,0.027,0.014,2073.0,3543.0,1.0,lh_G_and_S_frontomargin
slope_mu[mu_covariates_2],-0.313,0.96,-2.176,1.413,0.029,0.016,1075.0,1871.0,1.0,lh_G_and_S_frontomargin
slope_mu[mu_covariates_3],-1.093,0.707,-2.416,0.234,0.021,0.012,1110.0,1839.0,1.0,lh_G_and_S_frontomargin
slope_mu[mu_covariates_4],0.495,0.703,-0.865,1.757,0.018,0.011,1466.0,2438.0,1.0,lh_G_and_S_frontomargin
slope_mu[mu_covariates_5],0.268,1.043,-1.71,2.225,0.023,0.017,2015.0,2442.0,1.0,lh_G_and_S_frontomargin
slope_mu[mu_covariates_6],0.974,1.475,-1.827,3.712,0.031,0.023,2207.0,2855.0,1.0,lh_G_and_S_frontomargin
slope_mu[mu_covariates_7],-0.8,1.719,-4.089,2.396,0.025,0.021,4742.0,4597.0,1.0,lh_G_and_S_frontomargin
mu_intercept_mu,0.391,0.651,-0.845,1.579,0.021,0.012,995.0,1569.0,1.0,lh_G_and_S_frontomargin
site_sigma_intercept_mu,-1.363,0.491,-2.297,-0.474,0.015,0.008,1130.0,2086.0,1.0,lh_G_and_S_frontomargin
normalized_site_offset_intercept_mu_zerosum__[0],-0.969,0.564,-2.052,0.09,0.006,0.008,8220.0,4476.0,1.0,lh_G_and_S_frontomargin
normalized_site_offset_intercept_mu_zerosum__[1],-0.994,0.299,-1.578,-0.471,0.005,0.004,3087.0,3827.0,1.0,lh_G_and_S_frontomargin
normalized_site_offset_intercept_mu_zerosum__[2],0.567,0.291,0.045,1.131,0.004,0.004,6034.0,3963.0,1.0,lh_G_and_S_frontomargin
normalized_site_offset_intercept_mu_zerosum__[3],0.277,0.331,-0.357,0.897,0.003,0.005,9197.0,4509.0,1.0,lh_G_and_S_frontomargin
normalized_site_offset_intercept_mu_zerosum__[4],0.276,0.223,-0.134,0.708,0.003,0.004,6684.0,4206.0,1.0,lh_G_and_S_frontomargin
normalized_site_offset_intercept_mu_zerosum__[5],0.574,0.409,-0.177,1.373,0.005,0.006,7142.0,4076.0,1.0,lh_G_and_S_frontomargin
normalized_site_offset_intercept_mu_zerosum__[6],-0.017,0.121,-0.236,0.231,0.002,0.002,6496.0,4462.0,1.0,lh_G_and_S_frontomargin
normalized_site_offset_intercept_mu_zerosum__[7],-0.217,0.232,-0.668,0.209,0.003,0.004,7022.0,3850.0,1.0,lh_G_and_S_frontomargin
normalized_site_offset_intercept_mu_zerosum__[8],0.578,0.269,0.09,1.095,0.004,0.004,4930.0,4223.0,1.0,lh_G_and_S_frontomargin
normalized_site_offset_intercept_mu_zerosum__[9],-0.066,0.241,-0.514,0.393,0.002,0.004,9616.0,4328.0,1.0,lh_G_and_S_frontomargin
normalized_site_offset_intercept_mu_zerosum__[10],0.074,0.147,-0.211,0.345,0.002,0.002,7902.0,4628.0,1.0,lh_G_and_S_frontomargin
normalized_site_offset_intercept_mu_zerosum__[11],-1.0,0.307,-1.597,-0.444,0.006,0.004,2818.0,3583.0,1.0,lh_G_and_S_frontomargin
normalized_site_offset_intercept_mu_zerosum__[12],0.254,0.318,-0.31,0.893,0.004,0.005,8021.0,4528.0,1.0,lh_G_and_S_frontomargin
normalized_site_offset_intercept_mu_zerosum__[13],0.071,0.224,-0.356,0.485,0.003,0.003,6872.0,4436.0,1.0,lh_G_and_S_frontomargin
normalized_site_offset_intercept_mu_zerosum__[14],1.722,0.351,1.064,2.381,0.01,0.005,1341.0,2609.0,1.0,lh_G_and_S_frontomargin
normalized_site_offset_intercept_mu_zerosum__[15],1.204,0.34,0.566,1.809,0.007,0.004,2812.0,3508.0,1.0,lh_G_and_S_frontomargin
normalized_site_offset_intercept_mu_zerosum__[16],0.652,0.282,0.137,1.19,0.004,0.004,4840.0,3973.0,1.0,lh_G_and_S_frontomargin
normalized_site_offset_intercept_mu_zerosum__[17],-0.135,0.124,-0.383,0.086,0.002,0.002,5217.0,4183.0,1.0,lh_G_and_S_frontomargin
normalized_site_offset_intercept_mu_zerosum__[18],-0.264,0.237,-0.72,0.176,0.003,0.003,7931.0,4468.0,1.0,lh_G_and_S_frontomargin
normalized_site_offset_intercept_mu_zerosum__[19],0.951,0.316,0.391,1.546,0.005,0.004,3464.0,4075.0,1.0,lh_G_and_S_frontomargin
normalized_site_offset_intercept_mu_zerosum__[20],0.641,0.226,0.249,1.085,0.004,0.003,3452.0,4455.0,1.0,lh_G_and_S_frontomargin
normalized_site_offset_intercept_mu_zerosum__[21],-0.267,0.158,-0.547,0.047,0.002,0.002,5198.0,4300.0,1.0,lh_G_and_S_frontomargin
normalized_site_offset_intercept_mu_zerosum__[22],-0.734,0.26,-1.218,-0.27,0.005,0.004,3383.0,3785.0,1.0,lh_G_and_S_frontomargin
normalized_site_offset_intercept_mu_zerosum__[23],-0.299,0.27,-0.797,0.222,0.003,0.004,7891.0,4184.0,1.0,lh_G_and_S_frontomargin
sex_sigma_intercept_mu,2.761,1.017,0.91,4.696,0.012,0.013,7749.0,4826.0,1.0,lh_G_and_S_frontomargin
normalized_sex_offset_intercept_mu_zerosum__[0],-0.004,0.015,-0.032,0.024,0.0,0.0,5650.0,4126.0,1.0,lh_G_and_S_frontomargin
slope_sigma[sigma_covariates_0],-0.064,0.363,-0.747,0.631,0.008,0.006,2046.0,2651.0,1.0,lh_G_and_S_frontomargin
slope_sigma[sigma_covariates_1],-0.076,1.496,-2.889,2.678,0.025,0.016,3453.0,4487.0,1.0,lh_G_and_S_frontomargin
slope_sigma[sigma_covariates_2],-0.912,1.26,-3.248,1.497,0.032,0.019,1586.0,2460.0,1.0,lh_G_and_S_frontomargin
slope_sigma[sigma_covariates_3],-0.916,0.936,-2.572,1.009,0.023,0.014,1707.0,2530.0,1.0,lh_G_and_S_frontomargin
slope_sigma[sigma_covariates_4],-1.406,0.919,-3.119,0.298,0.02,0.011,2196.0,3607.0,1.0,lh_G_and_S_frontomargin
slope_sigma[sigma_covariates_5],-0.09,1.279,-2.374,2.339,0.022,0.016,3245.0,3996.0,1.0,lh_G_and_S_frontomargin
slope_sigma[sigma_covariates_6],0.33,1.648,-2.971,3.221,0.029,0.019,3319.0,4550.0,1.0,lh_G_and_S_frontomargin
slope_sigma[sigma_covariates_7],-0.172,1.954,-3.984,3.422,0.021,0.024,8340.0,5007.0,1.0,lh_G_and_S_frontomargin
intercept_sigma,-0.3,0.849,-1.955,1.265,0.022,0.014,1465.0,2222.0,1.0,lh_G_and_S_frontomargin
normalized_site_offset_intercept_mu[Pittsburgh],-1.065,0.559,-2.102,0.015,0.006,0.008,7805.0,4447.0,1.0,lh_G_and_S_frontomargin
normalized_site_offset_intercept_mu[Oxford],-1.09,0.303,-1.659,-0.542,0.006,0.004,2697.0,3879.0,1.0,lh_G_and_S_frontomargin
normalized_site_offset_intercept_mu[Newark],0.471,0.281,-0.063,0.988,0.003,0.004,7437.0,4082.0,1.0,lh_G_and_S_frontomargin
normalized_site_offset_intercept_mu[Leiden_2180],0.181,0.324,-0.426,0.795,0.003,0.005,9707.0,4497.0,1.0,lh_G_and_S_frontomargin
normalized_site_offset_intercept_mu[SaintLouis],0.18,0.214,-0.215,0.583,0.002,0.004,7757.0,3999.0,1.0,lh_G_and_S_frontomargin
normalized_site_offset_intercept_mu[Munchen],0.478,0.4,-0.218,1.283,0.005,0.006,7499.0,4165.0,1.0,lh_G_and_S_frontomargin
normalized_site_offset_intercept_mu[Beijing_Zang],-0.113,0.117,-0.337,0.106,0.002,0.002,6116.0,4251.0,1.0,lh_G_and_S_frontomargin
normalized_site_offset_intercept_mu[Cleveland],-0.313,0.23,-0.762,0.1,0.003,0.003,6237.0,3648.0,1.0,lh_G_and_S_frontomargin
normalized_site_offset_intercept_mu[AnnArbor_b],0.482,0.258,0.016,0.973,0.003,0.004,5681.0,4412.0,1.0,lh_G_and_S_frontomargin
normalized_site_offset_intercept_mu[Berlin_Margulies],-0.162,0.237,-0.603,0.293,0.002,0.004,9496.0,4144.0,1.0,lh_G_and_S_frontomargin
normalized_site_offset_intercept_mu[Oulu],-0.022,0.142,-0.3,0.238,0.002,0.002,8102.0,4456.0,1.0,lh_G_and_S_frontomargin
normalized_site_offset_intercept_mu[Baltimore],-1.096,0.311,-1.684,-0.521,0.006,0.004,2502.0,3549.0,1.0,lh_G_and_S_frontomargin
normalized_site_offset_intercept_mu[ds003568-1.0.4],0.158,0.315,-0.421,0.771,0.003,0.005,8076.0,4510.0,1.0,lh_G_and_S_frontomargin
normalized_site_offset_intercept_mu[Milwaukee_b],-0.025,0.219,-0.454,0.373,0.003,0.003,6832.0,4372.0,1.0,lh_G_and_S_frontomargin
normalized_site_offset_intercept_mu[ICBM],1.626,0.333,1.025,2.266,0.009,0.004,1365.0,2842.0,1.0,lh_G_and_S_frontomargin
normalized_site_offset_intercept_mu[PaloAlto],1.108,0.325,0.534,1.727,0.006,0.004,3046.0,3560.0,1.0,lh_G_and_S_frontomargin
normalized_site_offset_intercept_mu[Leiden_2200],0.556,0.273,0.001,1.034,0.004,0.004,5665.0,3926.0,1.0,lh_G_and_S_frontomargin
normalized_site_offset_intercept_mu[Cambridge_Buckner],-0.23,0.123,-0.477,-0.012,0.002,0.002,4178.0,4072.0,1.0,lh_G_and_S_frontomargin
normalized_site_offset_intercept_mu[NewYork_a_ADHD],-0.36,0.235,-0.805,0.071,0.003,0.003,6851.0,4412.0,1.0,lh_G_and_S_frontomargin
normalized_site_offset_intercept_mu[Queensland],0.855,0.302,0.309,1.419,0.005,0.004,3831.0,4037.0,1.0,lh_G_and_S_frontomargin
normalized_site_offset_intercept_mu[ds003653-1.0.0],0.545,0.212,0.171,0.96,0.003,0.003,3971.0,4376.0,1.0,lh_G_and_S_frontomargin
normalized_site_offset_intercept_mu[NewYork_a],-0.363,0.16,-0.661,-0.067,0.003,0.002,4086.0,3508.0,1.0,lh_G_and_S_frontomargin
normalized_site_offset_intercept_mu[Atlanta],-0.83,0.264,-1.299,-0.34,0.005,0.004,2844.0,4149.0,1.0,lh_G_and_S_frontomargin
normalized_site_offset_intercept_mu[Bangor],-0.395,0.268,-0.903,0.101,0.003,0.004,6687.0,4137.0,1.0,lh_G_and_S_frontomargin
normalized_site_offset_intercept_mu[AnnArbor_a],-0.576,0.282,-1.117,-0.043,0.004,0.004,4477.0,4324.0,1.0,lh_G_and_S_frontomargin
normalized_sex_offset_intercept_mu[M],-0.003,0.01,-0.022,0.017,0.0,0.0,5650.0,4126.0,1.0,lh_G_and_S_frontomargin
normalized_sex_offset_intercept_mu[F],0.003,0.01,-0.017,0.022,0.0,0.0,5650.0,4126.0,1.0,lh_G_and_S_frontomargin
site_offset_intercept_mu[0],-0.873,0.46,-1.728,0.009,0.006,0.006,6463.0,4400.0,1.0,lh_G_and_S_frontomargin
site_offset_intercept_mu[1],-0.876,0.189,-1.229,-0.519,0.002,0.003,8108.0,4236.0,1.0,lh_G_and_S_frontomargin
site_offset_intercept_mu[2],0.379,0.215,-0.014,0.788,0.002,0.003,10191.0,4414.0,1.0,lh_G_and_S_frontomargin
site_offset_intercept_mu[3],0.145,0.256,-0.33,0.617,0.003,0.004,9437.0,4640.0,1.0,lh_G_and_S_frontomargin
site_offset_intercept_mu[4],0.145,0.166,-0.169,0.446,0.002,0.002,8521.0,3883.0,1.0,lh_G_and_S_frontomargin
site_offset_intercept_mu[5],0.389,0.318,-0.197,0.996,0.004,0.004,7619.0,4774.0,1.0,lh_G_and_S_frontomargin
site_offset_intercept_mu[6],-0.09,0.09,-0.264,0.071,0.001,0.001,6983.0,5045.0,1.0,lh_G_and_S_frontomargin
site_offset_intercept_mu[7],-0.25,0.174,-0.588,0.066,0.002,0.002,7916.0,4688.0,1.0,lh_G_and_S_frontomargin
site_offset_intercept_mu[8],0.388,0.195,0.035,0.763,0.002,0.002,8681.0,4870.0,1.0,lh_G_and_S_frontomargin
site_offset_intercept_mu[9],-0.13,0.185,-0.492,0.207,0.002,0.003,9510.0,4148.0,1.0,lh_G_and_S_frontomargin
site_offset_intercept_mu[10],-0.017,0.11,-0.222,0.193,0.001,0.001,8138.0,5137.0,1.0,lh_G_and_S_frontomargin
site_offset_intercept_mu[11],-0.88,0.194,-1.248,-0.518,0.002,0.002,7840.0,4526.0,1.0,lh_G_and_S_frontomargin
site_offset_intercept_mu[12],0.128,0.247,-0.318,0.619,0.003,0.003,7615.0,4875.0,1.0,lh_G_and_S_frontomargin
site_offset_intercept_mu[13],-0.018,0.173,-0.336,0.315,0.002,0.002,6827.0,5263.0,1.0,lh_G_and_S_frontomargin
site_offset_intercept_mu[14],1.304,0.121,1.08,1.53,0.001,0.001,7120.0,5601.0,1.0,lh_G_and_S_frontomargin
site_offset_intercept_mu[15],0.891,0.214,0.501,1.296,0.002,0.003,8356.0,5098.0,1.0,lh_G_and_S_frontomargin
site_offset_intercept_mu[16],0.448,0.205,0.073,0.842,0.002,0.003,9164.0,4516.0,1.0,lh_G_and_S_frontomargin
site_offset_intercept_mu[17],-0.184,0.089,-0.349,-0.013,0.001,0.001,6934.0,5270.0,1.0,lh_G_and_S_frontomargin
site_offset_intercept_mu[18],-0.289,0.178,-0.624,0.047,0.002,0.002,9260.0,4403.0,1.0,lh_G_and_S_frontomargin
site_offset_intercept_mu[19],0.688,0.21,0.306,1.094,0.002,0.003,9150.0,4371.0,1.0,lh_G_and_S_frontomargin
site_offset_intercept_mu[20],0.437,0.15,0.155,0.72,0.002,0.002,8688.0,4449.0,1.0,lh_G_and_S_frontomargin
site_offset_intercept_mu[21],-0.291,0.112,-0.505,-0.088,0.001,0.001,8787.0,5166.0,1.0,lh_G_and_S_frontomargin
site_offset_intercept_mu[22],-0.665,0.172,-0.969,-0.317,0.002,0.002,9253.0,4527.0,1.0,lh_G_and_S_frontomargin
site_offset_intercept_mu[23],-0.318,0.205,-0.7,0.067,0.002,0.003,9194.0,4062.0,1.0,lh_G_and_S_frontomargin
site_offset_intercept_mu[24],-0.463,0.209,-0.855,-0.063,0.002,0.002,7747.0,5529.0,1.0,lh_G_and_S_frontomargin
sex_offset_intercept_mu[0],-0.008,0.03,-0.065,0.047,0.0,0.0,7482.0,5491.0,1.0,lh_G_and_S_frontomargin
sex_offset_intercept_mu[1],0.008,0.03,-0.047,0.065,0.0,0.0,7482.0,5491.0,1.0,lh_G_and_S_frontomargin
